{
  "ckpt_id": "transformer-ar-seed7",
  "meta": {
    "backbone": "transformer-ar",
    "d_model": 512,
    "n_layers": 14,
    "seed": 7,
    "global_step": 111281,
    "train_set": "eu-train-union",
    "conditioning_scheme": "value-char-v1",
    "conditioning_ablation": "full"
  },
  "n_cells": 2000,
  "char_marginal": {
    "mean": 0.6342771714627743,
    "frac_pos": 1.0,
    "n": 2000
  },
  "macro_marginal": {
    "mean": 0.005537904813885689,
    "frac_pos": 0.6425,
    "n": 2000
  },
  "macro_gap_cache": {
    "mean": 0.0068115246444940564,
    "frac_pos": 0.7025,
    "n": 2000
  },
  "macro_gap_maxdist": {
    "mean": 0.01583010298013687,
    "frac_pos": 0.7965,
    "n": 2000
  },
  "macro_gap_when_char_ablated": {
    "mean": 0.008232285797595978,
    "frac_pos": 0.574,
    "n": 2000
  },
  "macro_marginal_no_char": {
    "mean": 0.011955001682043076,
    "frac_pos": 0.552,
    "n": 2000
  },
  "const_macro": [
    1509,
    1574,
    1638,
    1701,
    1764,
    1831,
    1927,
    1956,
    2036,
    0
  ],
  "mean_char": [
    1.0627989163635752,
    1.057493201030337,
    0.25659765476620544,
    0.693676694655578,
    1.8073627855146648,
    0.551125,
    0.944375
  ]
}