{
  "ckpt_id": "mamba-hybrid-seed7",
  "meta": {
    "backbone": "mamba-hybrid",
    "d_model": 512,
    "n_layers": 24,
    "seed": 7,
    "global_step": 110472,
    "train_set": "eu-train-union",
    "conditioning_scheme": "value-char-v1",
    "conditioning_ablation": "full"
  },
  "n_cells": 2000,
  "varying": [
    [
      0,
      "pop_density"
    ],
    [
      1,
      "zoning"
    ],
    [
      2,
      "road_skeleton"
    ],
    [
      3,
      "cell_density"
    ],
    [
      5,
      "coastal"
    ]
  ],
  "fields": {
    "pop_density": {
      "pos": 0,
      "swap_donor": {
        "mean": 0.0009458175152540207,
        "frac_pos": 0.3405,
        "frac_changed": 0.5505,
        "n": 2000
      },
      "swap_maxdist": {
        "mean": 0.0025188685804605486,
        "frac_pos": 0.616,
        "frac_changed": 0.995,
        "n": 2000
      }
    },
    "zoning": {
      "pos": 1,
      "swap_donor": {
        "mean": 0.0007063318639993668,
        "frac_pos": 0.249,
        "frac_changed": 0.425,
        "n": 2000
      },
      "swap_maxdist": {
        "mean": 0.0031087952107191085,
        "frac_pos": 0.6475,
        "frac_changed": 0.998,
        "n": 2000
      }
    },
    "road_skeleton": {
      "pos": 2,
      "swap_donor": {
        "mean": 0.0017989817708730699,
        "frac_pos": 0.3575,
        "frac_changed": 0.5865,
        "n": 2000
      },
      "swap_maxdist": {
        "mean": 0.0039016650170087814,
        "frac_pos": 0.6345,
        "frac_changed": 1.0,
        "n": 2000
      }
    },
    "cell_density": {
      "pos": 3,
      "swap_donor": {
        "mean": 0.0007007959187030793,
        "frac_pos": 0.2725,
        "frac_changed": 0.416,
        "n": 2000
      },
      "swap_maxdist": {
        "mean": 0.0013454799205064774,
        "frac_pos": 0.6,
        "frac_changed": 1.0,
        "n": 2000
      }
    },
    "coastal": {
      "pos": 5,
      "swap_donor": {
        "mean": 0.001660080075263977,
        "frac_pos": 0.259,
        "frac_changed": 0.4385,
        "n": 2000
      },
      "swap_maxdist": {
        "mean": 0.003560447856783867,
        "frac_pos": 0.604,
        "frac_changed": 0.999,
        "n": 2000
      }
    }
  },
  "joint_donor": {
    "mean": 0.006971153065562248,
    "frac_pos": 0.6835,
    "frac_changed": 1.0,
    "n": 2000
  },
  "joint_maxdist": {
    "mean": 0.017713816776871682,
    "frac_pos": 0.783,
    "frac_changed": 1.0,
    "n": 2000
  }
}